,alpha,G-mean,Balanced_acc,F1_score,Recall,Precision
0,0.01,0.7301497789515643,0.7697709219858156,0.6626272693714554,0.5443333333333333,0.8932655502392345
1,0.1,0.7588519391249748,0.7901716312056737,0.6952373123326784,0.5856666666666666,0.8805100987763526
2,1.0,0.7464101088673422,0.7794432624113474,0.6538739038739039,0.569,0.7898550724637681
3,10.0,0.6309191304616373,0.697909219858156,0.5254334033281401,0.4043333333333333,0.7551381951381952
4,100.0,0.0,0.5,0.0,0.0,0.0
